{"cameraMode":{"drawMode":0,"name":"Shaded","section":"Shading Mode"},"sceneLighting":true,"audioPlay":false,"sceneViewState":{"m_AlwaysRefresh":false,"showFog":true,"showSkybox":true,"showFlares":true,"showImageEffects":true,"showParticleSystems":true,"showVisualEffectGraphs":true,"m_FxEnabled":true},"in2DMode":false,"pivot":{"x":353.7463684082031,"y":940.9938354492188,"z":-354.9539794921875},"rotation":{"x":0.0479593463242054,"y":-0.031156955286860467,"z":0.001494186231866479,"w":0.9983696341514587},"size":378.3164978027344,"orthographic":false}